,title,artist,region,date,n,Rank
0,Miss Lonely - Dimelo Flow Remix,"Sech, Justin Quiles, De La Ghetto, Dímelo Flow",Paraguay,2019-04,33,1
1,Downtown,"Anitta, J Balvin",Paraguay,2018-03,31,2
2,Wake Me Up - Radio Edit,Avicii,Paraguay,2018-05,31,3
3,Pineapple,KAROL G,Paraguay,2018-05,31,4
4,B11 (feat. Myke Towers),"Rvssian, Darell, Zion & Lennox",Paraguay,2020-05,31,5
5,El Préstamo,Maluma,Paraguay,2018-05,31,6
6,Só Quer Vrau,"MC MM, DJ RD",Paraguay,2018-05,31,7
7,Cheap Thrills,Sia,Paraguay,2017-01,31,8
8,Niña Bonita,Binomio de Oro de América,Paraguay,2020-05,31,9
9,Ya Me Enteré (feat. Nicky Jam) - Urban Version,Reik,Paraguay,2017-01,31,10
10,Boy With Luv (feat. Halsey),BTS,Philippines,2020-05,31,1
11,Pasensya Ka Na,Silent Sanctuary,Philippines,2018-05,31,2
12,Take A Bow,Rihanna,Philippines,2018-05,31,3
13,Like I'm Gonna Lose You (feat. John Legend),Meghan Trainor,Philippines,2018-05,31,4
14,lovely (with Khalid),Billie Eilish,Philippines,2018-05,31,5
15,You Are The Reason,Calum Scott,Philippines,2020-05,31,6
16,"Let Me Go (with Alesso, Florida Georgia Line & watt)",Hailee Steinfeld,Philippines,2018-05,31,7
17,rockstar,"Post Malone, 21 Savage",Philippines,2018-03,31,8
18,Treat You Better,Shawn Mendes,Philippines,2017-01,31,9
19,Juju on That Beat (TZ Anthem),"Zay Hilfigerrr, Zayion McCall",Philippines,2017-01,31,10
20,Птичка,HammAli & Navai,Russia,2021-07,31,1
21,Brooklyn,"Miyagi & Andy Panda, TumaniYO",Russia,2021-07,31,2
22,Трап Трап,LOVV66,Russia,2021-07,31,3
23,Minor,Miyagi & Andy Panda,Russia,2020-08,31,4
24,Привычка,"Scriptonite, Andy Panda, 104",Russia,2020-10,31,5
25,Sweater Weather,The Neighbourhood,Russia,2021-07,31,6
26,Проснулся В Темноте,GONE.Fludd,Russia,2020-10,31,7
27,Cristal & МОЁТ,MORGENSHTERN,Russia,2021-07,31,8
28,Колхозник,Mnogoznaal,Russia,2020-08,31,9
29,Цепи,"Scriptonite, 104",Russia,2021-07,31,10
30,Solo Dance,Martin Jensen,Sweden,2017-01,31,1
31,I Would Like,Zara Larsson,Sweden,2017-01,31,2
32,Like It Is,"Kygo, Zara Larsson, Tyga",Sweden,2020-05,31,3
33,XO,"Yasin, Dree Low",Sweden,2020-05,31,4
34,Hon få mig,"Fricky, Academics",Sweden,2018-05,31,5
35,Savage Remix (feat. Beyoncé),"Beyoncé, Megan Thee Stallion",Sweden,2020-05,31,6
36,Love Me Now,John Legend,Sweden,2017-01,31,7
37,Din Idiot,Norlie & KKV,Sweden,2017-01,31,8
38,I'll Wait,"Kygo, Sasha Sloan",Sweden,2020-05,31,9
39,Hey Brother,Avicii,Sweden,2018-05,31,10
40,Zieh' den Rucksack aus,"Kollegah, Farid Bang",Germany,2018-03,31,1
41,I Feel It Coming,"The Weeknd, Daft Punk",Germany,2017-01,31,2
42,Starving,"Hailee Steinfeld, Grey, Zedd",Germany,2017-01,31,3
43,Kontrollieren,"RAF Camora, Bonez MC, Gzuz, Maxwell",Germany,2018-03,31,4
44,Believer,Imagine Dragons,Germany,2018-03,31,5
45,Hauseingang,Pashanim,Germany,2020-05,31,6
46,I Like It,"Cardi B, Bad Bunny, J Balvin",Germany,2018-05,31,7
47,Leiser,LEA,Germany,2018-03,31,8
48,Tilidin,"Capital Bra, Samra",Germany,2020-05,31,9
49,Mörder,"Bonez MC, RAF Camora, Gzuz",Germany,2017-01,31,10
50,演員,Joker Xue,Malaysia,2017-03,58,1
51,演員,Joker Xue,Malaysia,2017-02,49,2
52,演員,Joker Xue,Malaysia,2017-04,34,3
53,rockstar,"Post Malone, 21 Savage",Malaysia,2018-03,31,4
54,Paris in the Rain,Lauv,Malaysia,2018-05,31,5
55,Bad Boy,Red Velvet,Malaysia,2018-05,31,6
56,Nevermind,Dennis Lloyd,Malaysia,2018-05,31,7
57,Something Just Like This,"The Chainsmokers, Coldplay",Malaysia,2018-05,31,8
58,Too Good At Goodbyes,Sam Smith,Malaysia,2020-05,31,9
59,This Is Me,"Keala Settle, The Greatest Showman Ensemble",Malaysia,2018-03,31,10
60,演員,Joker Xue,Singapore,2017-03,62,1
61,演員,Joker Xue,Singapore,2017-08,62,2
62,演員,Joker Xue,Singapore,2017-07,62,3
63,演員,Joker Xue,Singapore,2018-01,62,4
64,演員,Joker Xue,Singapore,2017-10,62,5
65,演員,Joker Xue,Singapore,2017-11,60,6
66,演員,Joker Xue,Singapore,2017-12,60,7
67,演員,Joker Xue,Singapore,2017-04,60,8
68,演員,Joker Xue,Singapore,2017-09,60,9
69,演員,Joker Xue,Singapore,2017-05,58,10
70,İstanbul,Manuş Baba,Turkey,2017-10,62,1
71,Yapma N'olursun,Dolu Kadehi Ters Tut,Turkey,2019-10,62,2
72,Yapma N'olursun,Dolu Kadehi Ters Tut,Turkey,2019-11,60,3
73,Yapma N'olursun,Dolu Kadehi Ters Tut,Turkey,2020-03,59,4
74,Yapma N'olursun,Dolu Kadehi Ters Tut,Turkey,2019-09,58,5
75,Yapma N'olursun,Dolu Kadehi Ters Tut,Turkey,2020-05,58,6
76,Yapma N'olursun,Dolu Kadehi Ters Tut,Turkey,2019-12,58,7
77,İstanbul,Manuş Baba,Turkey,2017-11,57,8
78,Yapma N'olursun,Dolu Kadehi Ters Tut,Turkey,2020-04,52,9
79,Cevapsız Sorular,maNga,Turkey,2018-05,51,10
80,La vie qu'on mène,Ninho,France,2020-05,31,1
81,So Maness,Soso Maness,France,2020-05,31,2
82,Diarabi,Kaaris,France,2018-05,31,3
83,rockstar (feat. 21 Savage),Post Malone,France,2018-05,31,4
84,Tueurs,Damso,France,2018-05,31,5
85,La fuite - Vegedream X Dj Leska / Edit MIx,Vegedream,France,2018-05,31,6
86,Look Alive (feat. Drake),BlocBoy JB,France,2018-03,31,7
87,Calma,Marwa Loud,France,2018-05,31,8
88,Mayday (feat. Ninho),SCH,France,2020-05,31,9
89,Sick Boy,The Chainsmokers,France,2018-05,31,10
90,River (feat. Ed Sheeran),Eminem,Greece,2018-05,31,1
91,Fuego,Eleni Foureira,Greece,2018-05,31,2
92,Thunder,Imagine Dragons,Greece,2018-03,31,3
93,Believer,Imagine Dragons,Greece,2018-05,31,4
94,Righteous,Juice WRLD,Greece,2020-05,31,5
95,SHE MINE,"Saske, Kareem Kalokoh",Greece,2020-05,31,6
96,Closer,"The Chainsmokers, Halsey",Greece,2017-01,31,7
97,Break My Heart,Dua Lipa,Greece,2020-05,31,8
98,One Dance,"Drake, WizKid, Kyla",Greece,2017-01,31,9
99,Life Is Good (feat. Drake),Future,Greece,2020-05,31,10
100,Jak Sa Máš,Nerieš,Slovakia,2020-03,45,1
101,Motorest,Gleb,Slovakia,2019-05,39,2
102,Sós,DMS,Slovakia,2019-09,37,3
103,Motorest,Gleb,Slovakia,2019-06,36,4
104,THE SCOTTS,"THE SCOTTS, Travis Scott, Kid Cudi",Slovakia,2020-05,31,5
105,Watermelon Sugar,Harry Styles,Slovakia,2020-05,31,6
106,SICKO MODE,Travis Scott,Slovakia,2020-05,31,7
107,Say Something (feat. Chris Stapleton),Justin Timberlake,Slovakia,2018-05,31,8
108,Hraješ Si Na Co,"Nik Tendo, Viktor Sheen",Slovakia,2020-05,31,9
109,In Your Eyes,The Weeknd,Slovakia,2020-05,31,10
110,演員,Joker Xue,Taiwan,2017-10,40,1
111,演員,Joker Xue,Taiwan,2017-09,35,2
112,演員,Joker Xue,Taiwan,2017-11,34,3
113,Fake Love,Drake,Taiwan,2017-01,31,4
114,說散就散,JC 陳詠桐,Taiwan,2018-05,31,5
115,飄洋過海來看你,"Fish Leong, Eve Ai",Taiwan,2020-05,31,6
116,我的秘密 (MySecret),G.E.M.,Taiwan,2020-05,31,7
117,"""How Far I'll Go - From """"Moana""""""",Alessia Cara,Taiwan,2017-01,31,8
118,Say Something (feat. Chris Stapleton),Justin Timberlake,Taiwan,2018-03,31,9
119,裝醉,A-Mei Chang,Taiwan,2018-03,31,10
120,Apaga el Celular,Lit Killah,Argentina,2018-02,44,1
121,Nena Maldicion (feat. Lenny Tavarez),"Paulo Londra, Lenny Tavárez",Argentina,2018-03,31,2
122,Bonita - Remix,"J Balvin, Jowell & Randy, Nicky Jam, Wisin, Yandel, Ozuna",Argentina,2018-03,31,3
123,No Hay Nadie Más,Sebastian Yatra,Argentina,2018-03,31,4
124,Gyal You A Party Animal - Remix,"Charly Black, Daddy Yankee",Argentina,2017-01,31,5
125,My Way,Calvin Harris,Argentina,2017-01,31,6
126,Que Va,"Alex Sensation, Ozuna",Argentina,2018-03,31,7
127,Crimen,Gustavo Cerati,Argentina,2020-05,31,8
128,Báilame - Remix,"Nacho, Yandel, Bad Bunny, Mambo Kingz, DJ Luian",Argentina,2018-05,31,9
129,El Clavo,Prince Royce,Argentina,2018-05,31,10
130,Op Je Hoede,"Josylvio, Hef, Moeman",Belgium,2018-03,31,1
131,Unforgettable,"French Montana, Swae Lee",Belgium,2018-05,31,2
132,Fake Love,Drake,Belgium,2017-01,31,3
133,"""How Far I'll Go - From """"Moana""""""",Alessia Cara,Belgium,2017-01,31,4
134,Beautiful Life (feat. Sandro Cavazza),Lost Frequencies,Belgium,2017-01,31,5
135,Your Song,Rita Ora,Belgium,2018-03,31,6
136,In Your Eyes (feat. Alida),"Alida, Robin Schulz",Belgium,2020-05,31,7
137,Don't Rush (feat. Headie One),Young T & Bugsey,Belgium,2020-05,31,8
138,Final Song,MØ,Belgium,2017-01,31,9
139,Whatever It Takes,Imagine Dragons,Belgium,2018-03,31,10
140,Follow,"KAROL G, Anuel AA",Ecuador,2020-05,31,1
141,The Scientist,Coldplay,Ecuador,2017-01,31,2
142,Inolvidable,"Ovy On The Drums, Beéle",Ecuador,2020-05,31,3
143,Pero Ya No,Bad Bunny,Ecuador,2020-05,31,4
144,Si Se Da - Remix,"Myke Towers, Farruko, Arcangel, Sech, Zion",Ecuador,2020-05,31,5
145,La Mejor Versión de Mi - Remix,"Natti Natasha, Romeo Santos",Ecuador,2020-05,31,6
146,Quiero Repetir,"Ozuna, J Balvin",Ecuador,2018-05,31,7
147,Corazon De Seda (feat. Ozuna),Klasico,Ecuador,2017-01,31,8
148,Materialista (feat. Nicky Jam),Silvestre Dangond,Ecuador,2017-01,31,9
149,La Bicicleta,"Carlos Vives, Shakira",Ecuador,2018-03,31,10
150,Murhaaja,"DEM, PistePiste, Maiki",Finland,2017-01,31,1
151,Ota varovasti,Vesta,Finland,2018-03,31,2
152,Maanantai,Portion Boys,Finland,2020-05,31,3
153,Flames,"David Guetta, Sia",Finland,2018-05,31,4
154,Cold Water (feat. Justin Bieber & MØ),Major Lazer,Finland,2017-01,31,5
155,Mentävä On,"DJ Oku Luukkainen, Elli",Finland,2020-05,31,6
156,Breathe,"Jax Jones, Ina Wroldsen",Finland,2018-05,31,7
157,Drop That Low (When I Dip),Tujamo,Finland,2017-01,31,8
158,Stressed Out,Twenty One Pilots,Finland,2017-01,31,9
159,Sun Vika,Evelina,Finland,2018-03,31,10
160,Djadja,Aya Nakamura,Nicaragua,2020-05,31,1
161,Tutu,"Camilo, Pedro Capó",Nicaragua,2020-05,31,2
162,Amarillo,J Balvin,Nicaragua,2020-05,31,3
163,Diosa,Myke Towers,Nicaragua,2020-05,31,4
164,Cuaderno,"Dalex, Nicky Jam, Justin Quiles, Sech, Lenny Tavárez, Feid, Rafa Pabön",Nicaragua,2019-10,31,5
165,Bellacoso,"Residente, Bad Bunny",Nicaragua,2019-10,31,6
166,Si Se Da - Remix,"Myke Towers, Farruko, Arcangel, Sech, Zion",Nicaragua,2019-10,31,7
167,Señorita,"Shawn Mendes, Camila Cabello",Nicaragua,2020-01,31,8
168,"El Favor (with Nicky Jam & Sech, feat. Farruko, Zion & Lunay)",Dímelo Flow,Nicaragua,2019-12,31,9
169,Blanco,J Balvin,Nicaragua,2020-01,31,10
170,La Modelo,"Ozuna, Cardi B",Chile,2018-08,33,1
171,24K Magic,Bruno Mars,Chile,2017-01,31,2
172,She Don't Give a FO (feat. Khea),Duki,Chile,2018-03,31,3
173,Aventura,"Lunay, Ozuna, Anuel AA",Chile,2020-05,31,4
174,Despacito (Featuring Daddy Yankee),Luis Fonsi,Chile,2018-05,31,5
175,El Farsante - Remix,"Ozuna, Romeo Santos",Chile,2018-03,31,6
176,Diabla - Official Remix,"Farruko, Lary Over, Bad Bunny",Chile,2018-03,31,7
177,Pa Los Gustos Los Colores,Javiielo,Chile,2020-05,31,8
178,Despacito (Featuring Daddy Yankee),Luis Fonsi,Chile,2018-03,31,9
179,Loca (feat. Cali y El Dandee),Maite Perroni,Chile,2018-05,31,10
180,Walk It Talk It,"Migos, Drake",Global,2018-03,31,1
181,"I'm the One (feat. Justin Bieber, Quavo, Chance the Rapper & Lil Wayne)",DJ Khaled,Global,2018-03,31,2
182,Party Monster,The Weeknd,Global,2017-01,31,3
183,Say You Won't Let Go,James Arthur,Global,2018-05,31,4
184,"""CAN'T STOP THE FEELING! (Original Song from DreamWorks Animation's """"TROLLS"""")""",Justin Timberlake,Global,2017-01,31,5
185,All Night,"The Vamps, Matoma",Global,2017-01,31,6
186,We Don't Talk Anymore (feat. Selena Gomez),Charlie Puth,Global,2017-01,31,7
187,Pray For Me (with Kendrick Lamar),The Weeknd,Global,2018-05,31,8
188,Panda,Desiigner,Global,2017-01,31,9
189,Steady 1234 (feat. Jasmine Thompson & Skizzy Mars),Vice,Global,2017-01,31,10
190,Aaj Bhi,Vishal Mishra,India,2020-05,31,1
191,Beautiful People (feat. Khalid),Ed Sheeran,India,2020-05,31,2
192,Same Beef,"Bohemia, Sidhu Moose Wala",India,2020-05,31,3
193,Proper Patola,"Badshah, Diljit Dosanjh, Aastha Gill",India,2020-05,31,4
194,Let Me Love You,"DJ Snake, Justin Bieber",India,2020-05,31,5
195,7 rings,Ariana Grande,India,2020-05,31,6
196,Toosie Slide,Drake,India,2020-05,31,7
197,Samajavaragamana,Sid Sriram,India,2020-05,31,8
198,Dil Diyan Gallan,"Vishal-Shekhar, Julius Packiam, Atif Aslam, Irshad Kamil",India,2020-05,31,9
199,Takeaway,"The Chainsmokers, ILLENIUM, Lennon Stella",India,2020-05,31,10
200,La Bicicleta (feat. Maluma) - Remix,"Carlos Vives, Shakira",Peru,2017-01,31,1
201,Una Vida Para Recordar,"Piso 21, Myke Towers",Peru,2020-05,31,2
202,Colgando en tus manos (con Marta Sánchez),Carlos Baute,Peru,2020-05,31,3
203,Mi tesoro (feat. Nicky Jam),Zion & Lennox,Peru,2017-01,31,4
204,Imitadora,Romeo Santos,Peru,2018-03,31,5
205,La Santa,"Bad Bunny, Daddy Yankee",Peru,2020-05,31,6
206,Calma - Remix,"Pedro Capó, Farruko",Peru,2020-05,31,7
207,Mayores,"Becky G, Bad Bunny",Peru,2018-03,31,8
208,Perfect Duet (Ed Sheeran & Beyoncé),Ed Sheeran,Peru,2018-03,31,9
209,Roses - Imanbek Remix,SAINt JHN,Peru,2020-05,31,10
210,All Time Low,Jon Bellion,United States,2017-01,55,1
211,Scars To Your Beautiful,Alessia Cara,United States,2017-01,31,2
212,Immortal,J. Cole,United States,2017-01,31,3
213,Reminder,The Weeknd,United States,2017-01,31,4
214,"King's Dead (with Kendrick Lamar, Future & James Blake)",Jay Rock,United States,2018-05,31,5
215,Freaky Friday (feat. Chris Brown),Lil Dicky,United States,2018-05,31,6
216,I Would Like,Zara Larsson,United States,2017-01,31,7
217,Bandit (with YoungBoy Never Broke Again),Juice WRLD,United States,2020-05,31,8
218,Treat You Better,Shawn Mendes,United States,2017-01,31,9
219,The Middle,"Zedd, Maren Morris, Grey",United States,2018-03,31,10
220,No Hay Nadie Más,Sebastian Yatra,Bolivia,2018-05,31,1
221,Ahora,J Balvin,Bolivia,2018-05,31,2
222,Una Lady Como Tú,Manuel Turizo,Bolivia,2018-03,31,3
223,Ahora Dice,"Chris Jedi, J Balvin, Ozuna, Arcangel",Bolivia,2018-03,31,4
224,THE SCOTTS,"THE SCOTTS, Travis Scott, Kid Cudi",Bolivia,2020-05,31,5
225,Señorita,"Shawn Mendes, Camila Cabello",Bolivia,2020-05,31,6
226,Me Llamas,Piso 21,Bolivia,2017-01,31,7
227,No Te Vayas,Camilo,Bolivia,2020-05,31,8
228,Solo,"Amenazzy, Lary Over",Bolivia,2018-03,31,9
229,Besos En Guerra,"Morat, Juanes",Bolivia,2018-03,31,10
230,No Roots,Alice Merton,Italy,2018-03,58,1
231,No Roots,Alice Merton,Italy,2018-04,43,2
232,Come neve,"Giorgia, Marco Mengoni",Italy,2018-03,31,3
233,Chosen,Måneskin,Italy,2018-03,31,4
234,Síguelo Bailando,Ozuna,Italy,2018-05,31,5
235,La musica non c'è,Coez,Italy,2018-03,31,6
236,Musica (E Il Resto Scompare),Elettra Lamborghini,Italy,2020-05,31,7
237,Cin Cin,"Alfa, Yanomi",Italy,2020-05,31,8
238,I Feel It Coming,"The Weeknd, Daft Punk",Italy,2017-01,31,9
239,I Would Like,Zara Larsson,Italy,2017-01,31,10
240,Bad Things (with Camila Cabello),Machine Gun Kelly,Lithuania,2017-01,31,1
241,Rockabye (feat. Sean Paul & Anne-Marie),Clean Bandit,Lithuania,2017-01,31,2
242,ROXANNE,Arizona Zervas,Lithuania,2020-05,31,3
243,Play Date,Melanie Martinez,Lithuania,2020-05,31,4
244,In Your Eyes,The Weeknd,Lithuania,2020-05,31,5
245,bad guy,Billie Eilish,Lithuania,2020-05,31,6
246,Paradise,Bazzi,Lithuania,2019-05,31,7
247,So Am I,Ava Max,Lithuania,2019-05,31,8
248,Call You Mine (feat. Bebe Rexha),The Chainsmokers,Lithuania,2019-07,31,9
249,If I Can't Have You,Shawn Mendes,Lithuania,2019-07,31,10
250,Mad Love,"Sean Paul, David Guetta, Becky G",Norway,2018-03,31,1
251,Dance Monkey,Tones And I,Norway,2020-05,31,2
252,Bare så du vett det,Stavangerkameratene,Norway,2020-05,31,3
253,Walls,Ruben,Norway,2018-05,31,4
254,Believer,Imagine Dragons,Norway,2018-03,31,5
255,DANCE,"CLMD, Tungevaag",Norway,2020-05,31,6
256,Waiting For Love,Avicii,Norway,2018-05,31,7
257,Love Me Now,John Legend,Norway,2017-01,31,8
258,Meant to Be (feat. Florida Georgia Line),Bebe Rexha,Norway,2018-03,31,9
259,Naked,James Arthur,Norway,2018-03,31,10
260,Lo Malo,"Aitana, Ana Guerra",Spain,2018-05,62,1
261,Lo Malo,"Aitana, Ana Guerra",Spain,2018-06,60,2
262,Lo Malo,"Aitana, Ana Guerra",Spain,2018-04,55,3
263,Lo Malo,"Aitana, Ana Guerra",Spain,2018-07,43,4
264,Tu Canción,"Amaia, Alfred García",Spain,2018-05,42,5
265,Baila Conmigo,"Juan Magán, Luciana",Spain,2017-01,31,6
266,I Like It,"Cardi B, Bad Bunny, J Balvin",Spain,2018-05,31,7
267,Playa y Arena (Remix),"Mark B., Gabriel Pagan, Ozuna",Spain,2017-01,31,8
268,Muévelo,"Nicky Jam, Daddy Yankee",Spain,2020-05,31,9
269,Me Niego (feat. Ozuna & Wisin),Reik,Spain,2018-05,31,10
270,For Evigt Ung,Sleiman,Denmark,2017-01,31,1
271,Don't Be So Shy - Filatov & Karas Remix,Imany,Denmark,2017-01,31,2
272,"King's Dead (with Kendrick Lamar, Future & James Blake)",Jay Rock,Denmark,2018-03,31,3
273,ROXANNE,Arizona Zervas,Denmark,2020-05,31,4
274,Følelsen,KESI,Denmark,2018-03,31,5
275,Sex On The Beach,Ude Af Kontrol,Denmark,2020-05,31,6
276,Colombiana (feat. Gilli),Sivas,Denmark,2018-05,31,7
277,Drikker For Lidt,Gulddreng,Denmark,2017-01,31,8
278,Love Lies (with Normani),Khalid,Denmark,2018-03,31,9
279,Follow Me,Niklas,Denmark,2018-03,31,10
280,Chantaje (feat. Maluma),Shakira,Ireland,2017-01,31,1
281,Capsize,"FRENSHIP, Emily Warren",Ireland,2017-01,31,2
282,She Loves Control,Camila Cabello,Ireland,2018-03,31,3
283,XO Tour Llif3,Lil Uzi Vert,Ireland,2018-03,31,4
284,The Box,Roddy Ricch,Ireland,2020-05,31,5
285,Boyfriend,Mabel,Ireland,2020-05,31,6
286,BELIEVE IT,"PARTYNEXTDOOR, Rihanna",Ireland,2020-05,31,7
287,Like I Do,"David Guetta, Martin Garrix, Brooks",Ireland,2018-05,31,8
288,You Want Me (feat. Sadie Ama),Tom Zanetti,Ireland,2017-01,31,9
289,This Town,Niall Horan,Ireland,2017-01,31,10
290,Chahid,Inkonnu,Morocco,2021-01,39,1
291,Wouli Liya,"Dadju, Kaly, Soolking, Aymane Serhani",Morocco,2020-05,31,2
292,Distant,"Maes, Ninho",Morocco,2020-05,31,3
293,Fratello,"Tagne, Stormy, Khtek",Morocco,2020-05,31,4
294,Falling,Trevor Daniel,Morocco,2020-05,31,5
295,Waya Lghram,Mehdi Mozayine,Morocco,2020-05,31,6
296,ROXANNE,Arizona Zervas,Morocco,2020-01,31,7
297,bad guy,Billie Eilish,Morocco,2020-01,31,8
298,7elmetAdo3,ElGrandeToto,Morocco,2020-01,31,9
299,OK BB,Lbenj,Morocco,2020-03,31,10
300,La Modelo,"Ozuna, Cardi B",Panama,2018-08,34,1
301,Miss Lonely - Dimelo Flow Remix,"Sech, Justin Quiles, De La Ghetto, Dímelo Flow",Panama,2019-04,34,2
302,Safari,"J Balvin, Pharrell Williams, BIA, Sky",Panama,2017-01,31,3
303,No Hay Nadie Más,Sebastian Yatra,Panama,2018-05,31,4
304,Me Niego (feat. Ozuna & Wisin),Reik,Panama,2018-03,31,5
305,Follow,"KAROL G, Anuel AA",Panama,2020-05,31,6
306,El Efecto,"Rauw Alejandro, Chencho Corleone",Panama,2020-05,31,7
307,Mayores,"Becky G, Bad Bunny",Panama,2018-05,31,8
308,Cuerpo en Venta,"Noriel, Myke Towers, Rauw Alejandro, Almighty",Panama,2020-05,31,9
309,Closer,"The Chainsmokers, Halsey",Panama,2017-01,31,10
310,New,Daya,Thailand,2018-03,31,1
311,Stay,"Zedd, Alessia Cara",Thailand,2018-03,31,2
312,ฝากไว้กับดาว,Whal & Dolph,Thailand,2020-05,31,3
313,หยุดได้แล้ว,MEAN,Thailand,2020-05,31,4
314,พริบตา x STAMP,Bird Thongchai,Thailand,2018-03,31,5
315,ผ่านตา (Everyday),Three Man Down,Thailand,2020-05,31,6
316,ของขวัญ - Cover Version,The Toys,Thailand,2018-05,31,7
317,ฝันฤดูร้อน,The Toys,Thailand,2018-05,31,8
318,7 rings,Ariana Grande,Thailand,2020-05,31,9
319,ยังคิดถึง...(Same),Marc Tatchapon,Thailand,2018-05,31,10
320,只是太愛你,Hins Cheung,Hong Kong,2021-01,35,1
321,以後別做朋友,Eric Chou,Hong Kong,2018-03,31,2
322,Before You Go,Lewis Capaldi,Hong Kong,2020-05,31,3
323,Psycho (feat. Ty Dolla $ign),Post Malone,Hong Kong,2018-05,31,4
324,Love Lies (with Normani),Khalid,Hong Kong,2018-05,31,5
325,你是你本身的傳奇,Charmaine Fong,Hong Kong,2018-03,31,6
326,如果雨之後,Eric Chou,Hong Kong,2018-05,31,7
327,可惜沒如果,JJ Lin,Hong Kong,2017-01,31,8
328,春秋,Hins Cheung,Hong Kong,2020-05,31,9
329,Shape of You,Ed Sheeran,Hong Kong,2018-03,31,10
330,Let Me Love You,"DJ Snake, Justin Bieber",Iceland,2017-01,31,1
331,Hinar stelpurnar,Floni,Iceland,2020-05,31,2
332,Dior,Pop Smoke,Iceland,2020-05,31,3
333,Esskeetit,Lil Pump,Iceland,2018-05,31,4
334,Love Lies (with Normani),Khalid,Iceland,2018-03,31,5
335,Ungir Strákar - Deep Mix,Floni,Iceland,2018-03,31,6
336,Stay,Post Malone,Iceland,2018-05,31,7
337,Dicks,"Ingi Bauer, Séra Bjössi",Iceland,2020-05,31,8
338,Labbilabb,"Herra Hnetusmjör, Friðrik Dór",Iceland,2018-03,31,9
339,Fullir vasar,Aron Can,Iceland,2018-03,31,10
340,everything i wanted,Billie Eilish,Israel,2020-05,31,1
341,Silence,"Marshmello, Khalid",Israel,2018-05,31,2
342,Lucid Dreams,Juice WRLD,Israel,2020-05,31,3
343,אלוף העולם,Hanan Ben Ari,Israel,2020-05,31,4
344,חזרי אלי,Nathan Goshen,Israel,2020-05,31,5
345,Love Lies (with Normani),Khalid,Israel,2018-05,31,6
346,עד מחר,Eviatar Banai,Israel,2020-05,31,7
347,כל הזמן הזה,Ravid Plotnik,Israel,2020-05,31,8
348,Psycho (feat. Ty Dolla $ign),Post Malone,Israel,2018-05,31,9
349,Better Now,Post Malone,Israel,2018-05,31,10
350,The Greatest (feat. Kendrick Lamar),Sia,Mexico,2017-01,31,1
351,Amárrame,"Mon Laferte, Juanes",Mexico,2018-03,31,2
352,No Hay Nadie Más,Sebastian Yatra,Mexico,2018-03,31,3
353,To My Love - Tainy Remix,Bomba Estéreo,Mexico,2018-05,31,4
354,Criminal,"Natti Natasha, Ozuna",Mexico,2018-03,31,5
355,Afuera,Caifanes,Mexico,2018-03,31,6
356,Gris,J Balvin,Mexico,2020-05,31,7
357,Sunflower - Spider-Man: Into the Spider-Verse,"Post Malone, Swae Lee",Mexico,2020-05,31,8
358,Se Preparó,Ozuna,Mexico,2018-03,31,9
359,Bellaquita - Remix,"Dalex, Lenny Tavárez, Anitta, Natti Natasha, Farruko, Justin Quiles",Mexico,2020-05,31,10
360,Chi Mat Ba Ram,Brave Girls,South Korea,2021-07,31,1
361,positions,Ariana Grande,South Korea,2021-07,31,2
362,Boy With Luv (feat. Halsey),BTS,South Korea,2021-07,31,3
363,Hello,JOY,South Korea,2021-07,31,4
364,Shape of You,Ed Sheeran,South Korea,2021-07,31,5
365,Bad Habits,Ed Sheeran,South Korea,2021-07,31,6
366,RAPSTAR,Polo G,South Korea,2021-07,31,7
367,Anyone,Justin Bieber,South Korea,2021-07,31,8
368,Holy (feat. Chance The Rapper),Justin Bieber,South Korea,2021-07,31,9
369,METEOR,CHANGMO,South Korea,2021-07,31,10
370,Brooklyn,"Miyagi & Andy Panda, TumaniYO",Ukraine,2021-07,31,1
371,Blueberry Faygo,Lil Mosey,Ukraine,2020-10,31,2
372,Голодный пёс [prod. by Pretty Scream],"SEEMEE, SODA LUV",Ukraine,2021-07,31,3
373,X.O,"The Limba, Andro",Ukraine,2020-08,31,4
374,Август,Intelligency,Ukraine,2020-08,31,5
375,X2 - Prod. Gredy,Boulevard Depo,Ukraine,2020-08,31,6
376,For The Night (feat. Lil Baby & DaBaby),Pop Smoke,Ukraine,2020-10,31,7
377,Девочка-пришелец,LSP,Ukraine,2020-10,31,8
378,Контракт,Poshlaya Molly,Ukraine,2021-07,31,9
379,А если это любовь?,HammAli & Navai,Ukraine,2020-08,31,10
380,Shaky Shaky,Daddy Yankee,Uruguay,2017-01,31,1
381,Closer,"The Chainsmokers, Halsey",Uruguay,2017-01,31,2
382,We Don't Talk Anymore (feat. Selena Gomez),Charlie Puth,Uruguay,2017-01,31,3
383,Tu Ritmo,Los Bonnitos,Uruguay,2017-01,31,4
384,Besándote,Piso 21,Uruguay,2018-03,31,5
385,Goteo,Duki,Uruguay,2020-05,31,6
386,Sigues Con El - Remix,"Arcangel, Sech, Romeo Santos",Uruguay,2020-05,31,7
387,Mayores,"Becky G, Bad Bunny",Uruguay,2018-05,31,8
388,La Boca,"Mau y Ricky, Camilo",Uruguay,2020-05,31,9
389,SUTRA,"Sebastian Yatra, Dalmata",Uruguay,2018-05,31,10
390,Say So,Doja Cat,Estonia,2020-05,31,1
391,death bed (coffee for your head),"Powfu, beabadoobee",Estonia,2020-05,31,2
392,Call On Me - Ryan Riback Extended Remix,Starley,Estonia,2017-01,31,3
393,Toosie Slide,Drake,Estonia,2020-05,31,4
394,Don't Wanna Know,"Maroon 5, Kendrick Lamar",Estonia,2017-01,31,5
395,WHATS POPPIN,Jack Harlow,Estonia,2020-05,31,6
396,Watermelon Sugar,Harry Styles,Estonia,2019-12,31,7
397,Something Just Like This,"The Chainsmokers, Coldplay",Estonia,2017-03,31,8
398,That's What I Like,Bruno Mars,Estonia,2017-03,31,9
399,Mama,"Jonas Blue, William Singe",Estonia,2017-07,31,10
400,La Modelo,"Ozuna, Cardi B",Guatemala,2018-08,32,1
401,Tacos Altos,"Farruko, Arcangel, Noriel, Bryant Myers, Alex Gargola",Guatemala,2018-03,31,2
402,Roses - Imanbek Remix,SAINt JHN,Guatemala,2020-05,31,3
403,rockstar,"Post Malone, 21 Savage",Guatemala,2018-03,31,4
404,Solo - Remix,"Lary Over, Amenazzy, Farruko",Guatemala,2018-03,31,5
405,Medusa,"Jhay Cortez, Anuel AA, J Balvin",Guatemala,2020-05,31,6
406,X,"Nicky Jam, J Balvin",Guatemala,2018-05,31,7
407,Todo Comienza en la Disco,"Wisin, Daddy Yankee, Yandel",Guatemala,2018-05,31,8
408,SICKO MODE,Travis Scott,Guatemala,2020-05,31,9
409,La Gozadera (feat. Marc Anthony),Gente De Zona,Guatemala,2017-01,31,10
410,Esperándote,Manuel Turizo,Honduras,2018-03,31,1
411,EL BAÑO (feat. Bad Bunny),Enrique Iglesias,Honduras,2018-05,31,2
412,Morado,J Balvin,Honduras,2020-05,31,3
413,Dream Girl - Remix,"Ir Sais, Rauw Alejandro",Honduras,2020-05,31,4
414,Si Te Vas,"Sech, Ozuna",Honduras,2020-05,31,5
415,Dura,Daddy Yankee,Honduras,2018-05,31,6
416,Solita,"Ozuna, Mambo Kingz, DJ Luian, Bad Bunny, Wisin, Almighty",Honduras,2018-05,31,7
417,Loco,Beéle,Honduras,2020-05,31,8
418,Cuaderno,"Dalex, Nicky Jam, Justin Quiles, Sech, Lenny Tavárez, Feid, Rafa Pabön",Honduras,2020-05,31,9
419,Dance Monkey,Tones And I,Honduras,2020-05,31,10
420,Memulai Kembali,Monita Tahalea,Indonesia,2017-01,31,1
421,I Don't Care (with Justin Bieber),Ed Sheeran,Indonesia,2020-05,31,2
422,Fake Love,Drake,Indonesia,2017-01,31,3
423,Mama,"Jonas Blue, William Singe",Indonesia,2018-03,31,4
424,Dan...,Sheila On 7,Indonesia,2018-03,31,5
425,Wait,Maroon 5,Indonesia,2018-03,31,6
426,Scared to Be Lonely,"Martin Garrix, Dua Lipa",Indonesia,2018-03,31,7
427,The Greatest Show,"Hugh Jackman, Keala Settle, Zac Efron, Zendaya, The Greatest Showman Ensemble",Indonesia,2018-03,31,8
428,Youngblood,5 Seconds of Summer,Indonesia,2018-05,31,9
429,Versace on the Floor,Bruno Mars,Indonesia,2017-01,31,10
430,SAD!,XXXTENTACION,Saudi Arabia,2020-05,31,1
431,Can We Kiss Forever?,"Kina, Adriana Proenza",Saudi Arabia,2020-05,31,2
432,Mazaji 3ali,Bessan Ismail,Saudi Arabia,2020-05,31,3
433,حظر التجول,"Abdullah Al Mukhles, Fahed Bin Fasla",Saudi Arabia,2020-05,31,4
434,اضم حبك,Ali Arnoos,Saudi Arabia,2020-05,31,5
435,Ya Sattar,Mohamed Hamaki,Saudi Arabia,2020-05,31,6
436,Say So (feat. Nicki Minaj),Doja Cat,Saudi Arabia,2020-05,31,7
437,منحرم وصلك,بندر بن عوير,Saudi Arabia,2020-05,31,8
438,Believer,Imagine Dragons,Saudi Arabia,2020-05,31,9
439,Sunflower - Spider-Man: Into the Spider-Verse,"Post Malone, Swae Lee",Saudi Arabia,2020-05,31,10
440,Melody (feat. James Blunt),Lost Frequencies,Switzerland,2018-05,31,1
441,Trendsetter,"Nimo, Rina",Switzerland,2020-05,31,2
442,Lose Control,"MEDUZA, Becky Hill, Goodboys",Switzerland,2020-05,31,3
443,Fast Car,"Jonas Blue, Dakota",Switzerland,2017-01,31,4
444,Chantaje (feat. Maluma),Shakira,Switzerland,2017-01,31,5
445,Some Say,Nea,Switzerland,2020-05,31,6
446,Berlin,"Samra, Capital Bra",Switzerland,2020-05,31,7
447,Breaking Me,"Topic, A7S",Switzerland,2020-05,31,8
448,Godzilla (feat. Juice WRLD),Eminem,Switzerland,2020-05,31,9
449,7 Years,Lukas Graham,Switzerland,2017-01,31,10
450,Amante Não Tem Lar - Ao Vivo,Marília Mendonça,Brazil,2017-05,56,1
451,Amante Não Tem Lar - Ao Vivo,Marília Mendonça,Brazil,2017-07,37,2
452,Meu Pedaço de Pecado,João Gomes,Brazil,2021-07,36,3
453,Mundo de Ilusões - Ao Vivo,Gusttavo Lima,Brazil,2018-10,34,4
454,Amante Não Tem Lar - Ao Vivo,Marília Mendonça,Brazil,2017-04,34,5
455,Vidinha de Balada - Ao Vivo,Henrique & Juliano,Brazil,2017-07,34,6
456,Acordando o Prédio,Luan Santana,Brazil,2017-02,33,7
457,Amante Não Tem Lar - Ao Vivo,Marília Mendonça,Brazil,2017-03,32,8
458,Amante Não Tem Lar - Ao Vivo,Marília Mendonça,Brazil,2017-06,32,9
459,Solteiro de Novo - Ao Vivo,"Wesley Safadão, Ronaldinho Gaúcho",Brazil,2017-01,32,10
460,Dip (feat. Nicki Minaj),Tyga,Canada,2018-11,55,1
461,92 Explorer,Post Malone,Canada,2018-05,31,2
462,In My Blood,Shawn Mendes,Canada,2018-05,31,3
463,Work,"Rihanna, Drake",Canada,2017-01,31,4
464,Like I Do,"David Guetta, Martin Garrix, Brooks",Canada,2018-05,31,5
465,Setting Fires,"The Chainsmokers, XYLØ",Canada,2017-01,31,6
466,IDGAF,Dua Lipa,Canada,2018-03,31,7
467,Congratulations,"Post Malone, Quavo",Canada,2018-05,31,8
468,SICKO MODE,Travis Scott,Canada,2020-05,31,9
469,Stir Fry,Migos,Canada,2018-05,31,10
470,Kytky z pumpy,Renne Dang,Czech Republic,2019-12,34,1
471,Kytky z pumpy,Renne Dang,Czech Republic,2019-11,33,2
472,Issues,Julia Michaels,Czech Republic,2018-03,31,3
473,Before You Go,Lewis Capaldi,Czech Republic,2020-05,31,4
474,Flames,"David Guetta, Sia",Czech Republic,2018-05,31,5
475,Spotlight,"Marshmello, Lil Peep",Czech Republic,2018-05,31,6
476,Anywhere,Rita Ora,Czech Republic,2018-03,31,7
477,I Fall Apart,Post Malone,Czech Republic,2018-03,31,8
478,Teen Love,"Nik Tendo, Decky",Czech Republic,2018-03,31,9
479,Adore You,Harry Styles,Czech Republic,2020-05,31,10
480,Someone You Loved,Lewis Capaldi,Latvia,2020-05,31,1
481,everything i wanted,Billie Eilish,Latvia,2020-05,31,2
482,Toosie Slide,Drake,Latvia,2020-05,31,3
483,Skechers,DripReport,Latvia,2020-05,31,4
484,РАТАТАТАТА,"MORGENSHTERN, Vitya AK",Latvia,2020-05,31,5
485,Zemes stunda,"ansis, Kristīne Pāže",Latvia,2018-07,31,6
486,Electricity (with Dua Lipa),"Silk City, Diplo, Mark Ronson",Latvia,2018-10,31,7
487,In My Mind,"Dynoro, Gigi D'Agostino",Latvia,2018-10,31,8
488,Natural,Imagine Dragons,Latvia,2018-10,31,9
489,Eastside (with Halsey & Khalid),benny blanco,Latvia,2018-08,31,10
490,Lalala,"Y2K, bbno$",United Arab Emirates,2020-05,31,1
491,Intentions (feat. Quavo),Justin Bieber,United Arab Emirates,2020-05,31,2
492,Toosie Slide,Drake,United Arab Emirates,2020-05,31,3
493,death bed (coffee for your head),"Powfu, beabadoobee",United Arab Emirates,2020-05,31,4
494,Blinding Lights,The Weeknd,United Arab Emirates,2020-05,31,5
495,Houdini (feat. Swarmz & Tion Wayne),KSI,United Arab Emirates,2020-05,31,6
496,No Idea,Don Toliver,United Arab Emirates,2020-05,31,7
497,Don't Start Now,Dua Lipa,United Arab Emirates,2020-05,31,8
498,Yummy,Justin Bieber,United Arab Emirates,2020-05,31,9
499,Don't Check On Me (feat. Justin Bieber & Ink),Chris Brown,United Arab Emirates,2019-07,31,10
500,La Modelo,"Ozuna, Cardi B",Dominican Republic,2018-08,34,1
501,Treat You Better,Shawn Mendes,Dominican Republic,2017-01,31,2
502,La Zona,Bad Bunny,Dominican Republic,2020-05,31,3
503,I Feel It Coming,"The Weeknd, Daft Punk",Dominican Republic,2017-01,31,4
504,Perfect,Ed Sheeran,Dominican Republic,2018-03,31,5
505,Madura (feat. Bad Bunny),Cosculluela,Dominican Republic,2018-05,31,6
506,Como Antes (feat. Wisin),Yandel,Dominican Republic,2018-05,31,7
507,Cambia de Planes,"Shadow Blow, Bryant Myers, Tivi Gunz",Dominican Republic,2018-05,31,8
508,Un Ratito Mas,"Bryant Myers, Bad Bunny",Dominican Republic,2018-05,31,9
509,Me Mata,"Bad Bunny, Mambo Kingz, DJ Luian, Arcangel, Almighty, Bryant Myers, Noriel, Baby Rasta, Brytiago",Dominican Republic,2018-03,31,10
510,ひまわりの約束,Motohiro Hata,Japan,2018-03,62,1
511,ひまわりの約束,Motohiro Hata,Japan,2019-03,60,2
512,ひまわりの約束,Motohiro Hata,Japan,2018-04,55,3
513,ひまわりの約束,Motohiro Hata,Japan,2018-05,46,4
514,白日,King Gnu,Japan,2020-01,44,5
515,飛行艇,King Gnu,Japan,2020-01,44,6
516,ひまわりの約束,Motohiro Hata,Japan,2018-06,44,7
517,ひまわりの約束,Motohiro Hata,Japan,2019-04,41,8
518,ひまわりの約束,Motohiro Hata,Japan,2018-02,40,9
519,ひまわりの約束,Motohiro Hata,Japan,2018-07,39,10
520,"""I Don’t Wanna Live Forever (Fifty Shades Darker) - From """"Fifty Shades Darker (Original Motion Picture Soundtrack)""""""","ZAYN, Taylor Swift",Luxembourg,2017-03,31,1
521,Thunder,Imagine Dragons,Luxembourg,2017-07,31,2
522,"Feels (feat. Pharrell Williams, Katy Perry & Big Sean)","Calvin Harris, Funk Wav",Luxembourg,2017-07,31,3
523,Castle on the Hill,Ed Sheeran,Luxembourg,2017-03,31,4
524,It Ain't Me (with Selena Gomez),Kygo,Luxembourg,2017-03,31,5
525,Shape of You,Ed Sheeran,Luxembourg,2017-07,31,6
526,There's Nothing Holdin' Me Back,Shawn Mendes,Luxembourg,2017-07,31,7
527,Issues,Julia Michaels,Luxembourg,2017-03,31,8
528,Mama,"Jonas Blue, William Singe",Luxembourg,2017-07,31,9
529,Stay (with Alessia Cara),Zedd,Luxembourg,2017-03,31,10
530,24K Magic,Bruno Mars,New Zealand,2017-01,31,1
531,Now and Later,Sage The Gemini,New Zealand,2017-01,31,2
532,Faded,Alan Walker,New Zealand,2017-01,31,3
533,Rockabye (feat. Sean Paul & Anne-Marie),Clean Bandit,New Zealand,2017-01,31,4
534,Bounce Back,Big Sean,New Zealand,2017-01,31,5
535,Believer,Imagine Dragons,New Zealand,2018-03,31,6
536,ROXANNE,Arizona Zervas,New Zealand,2020-05,31,7
537,Play Date,Melanie Martinez,New Zealand,2020-05,31,8
538,Don’t Forget Your Roots,SIX60,New Zealand,2020-05,31,9
539,Broccoli (feat. Lil Yachty),Shelley FKA DRAM,New Zealand,2017-01,31,10
540,Trust Nobody (feat. Selena Gomez & Tory Lanez),Cashmere Cat,Poland,2017-01,31,1
541,SICKO MODE,Travis Scott,Poland,2020-05,31,2
542,Breaking Me,"Topic, A7S",Poland,2020-05,31,3
543,05:05,"Bedoes, Kubi Producent",Poland,2020-05,31,4
544,Patointeligencja,Mata,Poland,2020-05,31,5
545,05:05,"Bedoes, Kubi Producent",Poland,2018-03,31,6
546,Cardio,Paluch,Poland,2018-03,31,7
547,Fast Car,"Jonas Blue, Dakota",Poland,2017-01,31,8
548,Solo Dance,Martin Jensen,Poland,2017-01,31,9
549,Następna stacja,Taco Hemingway,Poland,2017-01,31,10
550,rockstar,"Post Malone, 21 Savage",Australia,2018-03,31,1
551,We're Going Home,Vance Joy,Australia,2018-03,31,2
552,Shape of You,Ed Sheeran,Australia,2018-05,31,3
553,Shout Out to My Ex,Little Mix,Australia,2017-01,31,4
554,Stressed Out,Twenty One Pilots,Australia,2017-01,31,5
555,Changa,PNAU,Australia,2018-05,31,6
556,IDGAF,Dua Lipa,Australia,2018-03,31,7
557,Rewrite The Stars,"Zac Efron, Zendaya",Australia,2018-03,31,8
558,Famous,Kanye West,Australia,2017-01,31,9
559,HUMBLE.,Kendrick Lamar,Australia,2018-03,31,10
560,Perfect Strangers,"Jonas Blue, JP Cooper",Austria,2017-01,31,1
561,Bianco,"Yung Hurn, RIN",Austria,2017-01,31,2
562,Mama / Baba,Moe Phoenix,Austria,2018-05,31,3
563,Rooftop,Nico Santos,Austria,2018-05,31,4
564,"""Lose Yourself - From """"8 Mile"""" Soundtrack""",Eminem,Austria,2018-03,31,5
565,Murcielago,"KC Rebell, Summer Cem",Austria,2018-03,31,6
566,Don't Start Now,Dua Lipa,Austria,2020-05,31,7
567,Mine,Bazzi,Austria,2018-05,31,8
568,10 Jahre,"Gzuz, LX, Bonez MC, Maxwell",Austria,2017-01,31,9
569,Anywhere,Rita Ora,Austria,2018-03,31,10
570,Despacito (Featuring Daddy Yankee),Luis Fonsi,Bulgaria,2017-03,31,1
571,Shape of You,Ed Sheeran,Bulgaria,2017-03,31,2
572,Unforgettable,"French Montana, Swae Lee",Bulgaria,2017-07,31,3
573,OHMAMI,Chase Atlantic,Bulgaria,2021-07,31,4
574,Piyan,Preslava,Bulgaria,2020-07,31,5
575,Piyan,Preslava,Bulgaria,2020-10,31,6
576,Daisy,Ashnikko,Bulgaria,2020-10,31,7
577,Daddy Issues,The Neighbourhood,Bulgaria,2021-07,31,8
578,RAPSTAR,Polo G,Bulgaria,2021-07,31,9
579,goosebumps,Travis Scott,Bulgaria,2020-10,31,10
580,Party Girl,StaySolidRocky,Portugal,2020-06,38,1
581,Perfect,Ed Sheeran,Portugal,2018-05,31,2
582,Slowly,Richie Campbell,Portugal,2018-03,31,3
583,Nowadays (feat. Landon Cube),Lil Skies,Portugal,2018-03,31,4
584,Issues,Julia Michaels,Portugal,2018-03,31,5
585,WHATS POPPIN,Jack Harlow,Portugal,2020-05,31,6
586,KOD,J. Cole,Portugal,2018-05,31,7
587,Deja Vu,J. Cole,Portugal,2017-01,31,8
588,Tempo,"FRANKIEONTHEGUITAR, T-Rex, LON3R JOHNY, Bispo",Portugal,2020-05,31,9
589,Let Me,ZAYN,Portugal,2018-05,31,10
590,One Kiss (with Dua Lipa),Calvin Harris,Romania,2018-05,31,1
591,Milano Mood,Nane,Romania,2020-05,31,2
592,Physical,Dua Lipa,Romania,2020-05,31,3
593,when the party's over,Billie Eilish,Romania,2020-05,31,4
594,Pala Mande,"Azteca, Ian",Romania,2020-05,31,5
595,Moonlight,XXXTENTACION,Romania,2020-05,31,6
596,Nice For What,Drake,Romania,2018-05,31,7
597,Toosie Slide,Drake,Romania,2020-05,31,8
598,Haolo,"Killa Fonic, Nane",Romania,2020-05,31,9
599,60 De Zile,"Ian, Amuly",Romania,2020-05,31,10
600,Miss Lonely - Dimelo Flow Remix,"Sech, Justin Quiles, De La Ghetto, Dímelo Flow",Colombia,2019-04,34,1
601,La Modelo,"Ozuna, Cardi B",Colombia,2018-08,33,2
602,Ahora Dice,"Chris Jedi, J Balvin, Ozuna, Arcangel",Colombia,2018-03,31,3
603,Que Mas Pues - Remix,"Sech, Justin Quiles, Maluma, Nicky Jam, Farruko, Dalex, Lenny Tavárez",Colombia,2020-05,31,4
604,Bonita,"J Balvin, Jowell & Randy",Colombia,2018-05,31,5
605,Hasta Que Se Seque el Malecón (feat. Farruko) - Remix,Jacob Forever,Colombia,2017-01,31,6
606,Mi Gente,"J Balvin, Willy William",Colombia,2018-03,31,7
607,Adiós Amor,Christian Nodal,Colombia,2018-03,31,8
608,The Box,Roddy Ricch,Colombia,2020-05,31,9
609,Rockabye (feat. Sean Paul & Anne-Marie),Clean Bandit,Colombia,2017-01,31,10
610,Miss Lonely - Dimelo Flow Remix,"Sech, Justin Quiles, De La Ghetto, Dímelo Flow",Costa Rica,2019-04,34,1
611,La Modelo,"Ozuna, Cardi B",Costa Rica,2018-08,33,2
612,Psycho (feat. Ty Dolla $ign),Post Malone,Costa Rica,2018-03,31,3
613,Escápate Conmigo (feat. Ozuna),Wisin,Costa Rica,2018-03,31,4
614,So High,"Mr. Vegas, Lizi, Walshy Fire",Costa Rica,2018-05,31,5
615,Rude,MAGIC!,Costa Rica,2017-01,31,6
616,Por Primera Vez,"Camilo, Evaluna Montaner",Costa Rica,2020-05,31,7
617,No Te Contaron Mal,Christian Nodal,Costa Rica,2020-05,31,8
618,Finesse - Remix; feat. Cardi B,Bruno Mars,Costa Rica,2018-03,31,9
619,Egoísta,"Ozuna, Zion & Lennox",Costa Rica,2018-03,31,10
620,Break My Heart,Dua Lipa,Egypt,2020-05,31,1
621,ily (i love you baby) (feat. Emilee),Surf Mesa,Egypt,2020-05,31,2
622,باظت,Wegz,Egypt,2019-12,31,3
623,Ana Gheir,Amr Diab,Egypt,2019-12,31,4
624,Oloolo Samah,Tamer Ashour,Egypt,2019-12,31,5
625,Falling,Trevor Daniel,Egypt,2019-12,31,6
626,3ayz Fin,Marwan Pablo,Egypt,2019-12,31,7
627,bad guy,Billie Eilish,Egypt,2020-01,31,8
628,Sout Baga3,Shahyn,Egypt,2020-01,31,9
629,everything i wanted,Billie Eilish,Egypt,2019-12,31,10
630,Traicionera,Sebastian Yatra,El Salvador,2017-01,31,1
631,Muévelo,"Nicky Jam, Daddy Yankee",El Salvador,2020-05,31,2
632,Jangueo,"Alex Rose, Rafa Pabön",El Salvador,2020-05,31,3
633,PORFA,"Feid, Justin Quiles",El Salvador,2020-05,31,4
634,Criminal,"Natti Natasha, Ozuna",El Salvador,2018-05,31,5
635,La Bicicleta,"Carlos Vives, Shakira",El Salvador,2017-01,31,6
636,I Feel It Coming,"The Weeknd, Daft Punk",El Salvador,2017-01,31,7
637,Tal Vez,Paulo Londra,El Salvador,2020-05,31,8
638,"Sola (Remix) [feat. Daddy Yankee, Wisin, Farruko, Zion & Lennox]",Anuel AA,El Salvador,2018-05,31,9
639,Esperándote,Manuel Turizo,El Salvador,2018-03,31,10
640,Állat,"Dzsúdló, Berta'Lami",Hungary,2021-07,34,1
641,All Around The World (La La La),"R3HAB, A Touch Of Class",Hungary,2020-05,31,2
642,Dura,Daddy Yankee,Hungary,2018-03,31,3
643,All Falls Down (feat. Juliander),"Alan Walker, Noah Cyrus, Digital Farm Animals",Hungary,2018-05,31,4
644,Reggaetón Lento (Remix),"CNCO, Little Mix",Hungary,2018-03,31,5
645,Ric Flair Drip (& Metro Boomin),Offset,Hungary,2018-03,31,6
646,Don't Call Me Up,Mabel,Hungary,2020-05,31,7
647,Better Now,Post Malone,Hungary,2018-05,31,8
648,2002,Anne-Marie,Hungary,2018-05,31,9
649,Say You Won't Let Go,James Arthur,Hungary,2017-01,31,10
650,Chicago Freestyle (feat. Giveon),Drake,South Africa,2020-05,32,1
651,Never Seen the Rain,Tones And I,South Africa,2020-05,31,2
652,Sucker,Jonas Brothers,South Africa,2020-05,31,3
653,Bruises,Lewis Capaldi,South Africa,2020-05,31,4
654,Lorch,"Kabza De Small, DJ Maphorisa, Semi Tee, Miano, Kammu Dee",South Africa,2020-05,31,5
655,Level of Concern,Twenty One Pilots,South Africa,2020-05,31,6
656,If I Can't Have You,Shawn Mendes,South Africa,2020-05,31,7
657,Happier,"Marshmello, Bastille",South Africa,2020-05,31,8
658,ROXANNE,Arizona Zervas,South Africa,2020-05,31,9
659,Falling,Harry Styles,South Africa,2020-05,31,10
660,3 Nights,Dominic Fike,Netherlands,2020-05,31,1
661,Love Lies (with Normani),Khalid,Netherlands,2018-05,31,2
662,Side To Side,"Ariana Grande, Nicki Minaj",Netherlands,2017-01,31,3
663,Not Going Home (feat. Gia Koka),"DVBBS, CMC$",Netherlands,2017-01,31,4
664,Slow Down,"Dimitri Vegas & Like Mike, Quintino, Boef, Ronnie Flex, Ali B, I am Aisha",Netherlands,2018-03,31,5
665,Black Beatles,"Rae Sremmurd, Gucci Mane",Netherlands,2017-01,31,6
666,Stop Met Typen,Equalz,Netherlands,2018-03,31,7
667,One Kiss (with Dua Lipa),Calvin Harris,Netherlands,2018-05,31,8
668,Shutdown,"SFB, Murda",Netherlands,2018-05,31,9
669,Let Me Love You,"DJ Snake, Justin Bieber",Netherlands,2017-01,31,10
670,Savage Remix (feat. Beyoncé),"Beyoncé, Megan Thee Stallion",United Kingdom,2020-05,31,1
671,HIGHEST IN THE ROOM,Travis Scott,United Kingdom,2020-05,31,2
672,Jumanji,B Young,United Kingdom,2018-05,31,3
673,Do I Wanna Know?,Arctic Monkeys,United Kingdom,2018-03,31,4
674,Cola,"CamelPhat, Elderbrook",United Kingdom,2018-05,31,5
675,Galway Girl,Ed Sheeran,United Kingdom,2018-05,31,6
676,Cold Water (feat. Justin Bieber & MØ),Major Lazer,United Kingdom,2017-01,31,7
677,All We Know,"The Chainsmokers, Phoebe Ryan",United Kingdom,2017-01,31,8
678,Dance Monkey,Tones And I,United Kingdom,2020-05,31,9
679,Mr. Blue Sky,Electric Light Orchestra,United Kingdom,2020-05,31,10
680,Mười Năm (Lộn Xộn 3),"Đen, Ngọc Linh",Vietnam,2020-05,31,1
681,Đâu Chỉ Riêng 'em,Mỹ Tâm,Vietnam,2018-05,31,2
682,Who (feat. BTS),Lauv,Vietnam,2020-05,31,3
683,"thank u, next",Ariana Grande,Vietnam,2020-05,31,4
684,Đâu Cần Một Bài Ca Tình Yêu,"Tien Tien, Trang",Vietnam,2020-05,31,5
685,Nếu Có Buông Tay,Mỹ Tâm,Vietnam,2018-05,31,6
686,Perfect,Ed Sheeran,Vietnam,2018-05,31,7
687,Cho Tôi Lang Thang,Ngọt,Vietnam,2020-05,31,8
688,comethru (bonus track),Jeremy Zucker,Vietnam,2020-05,31,9
689,Attention,Charlie Puth,Vietnam,2018-05,31,10
